"BROKEN","EPIC","FAILED","FEATURE","PASSED","SKIPPED","STORY","UNKNOWN"
"0","","0","LA","1","0","JBLSB180BRPTOB","0"
"0","","0","IN","1","0","EXSFP122","0"
"0","","0","BD","1","0","JBJBLPBCLUPTOB","0"
"0","","0","IN","1","0","PANNST55LMR1","0"
"0","","0","BD","1","0","HH50Q6QVVPTOB","0"
"0","","0","LA","1","0","OSOBAT640PTO1","0"
"0","","0","IN","1","0","EXFE5GBB","0"
"0","","0","BD","1","0","EXLEE181","0"
"0","","0","UT","1","0","3L71465PTO","0"
"0","","0","UT","1","0","EXLL14X1","0"
"0","","0","BD","1","0","JBLGRIPPTOB","0"
"0","","0","UT","1","0","EXESM03PTO","0"
"0","","0","LA","1","0","EXESI60AZL1","0"
"0","","0","BD","1","0","JBLT730BTPTOB","0"
"0","","0","LA","1","0","JBLT780NCBCOB","0"
"0","","0","BD","1","0","TK55C6KPTOB","0"
"0","","0","LA","1","0","EXIT70SB","0"
"0","","0","UT","1","0","LO910007601GFT","0"
"0","","0","IN","1","0","PANAF190G1W1","0"
"0","","0","BD","1","0","EXLS08E2","0"
"0","","0","IN","1","0","JBLBOOMBX4LRJB","0"
"0","","0","UT","1","0","HHAP12CWBRBCO1","0"
"0","","0","UT","1","0","EXESI80VRD1","0"
"0","","0","BD","1","0","OSOBAT641PTO1","0"
"0","","0","LA","1","0","EXME3BP1","0"
"0","","0","LA","1","0","BRBRA08ME1","0"
"0","","0","IN","1","0","BRBLF62AP1","0"
"0","","0","UT","1","0","JBLWBUDS2AZL","0"
"0","","0","IN","1","0","EXLL10X1","0"
"0","","0","UT","1","0","BRBDK90DRB","0"
"0","","0","IN","1","0","PANRBB64PV2X","0"
"0","","0","IN","1","0","EXPE12GCNZB","0"
"0","","0","UT","1","0","BRBFO4XAEUNAB","0"
"0","","0","LA","1","0","COCPC31AFONAB","0"
"0","","0","BD","1","0","LJLIP23ACRM","0"
"0","","0","LA","1","0","EXMI41S1","0"
"0","","0","LA","1","0","JBLPB130PTOB","0"
"0","","0","UT","1","0","BRBWJ14A9BNA2","0"
"0","","0","UT","1","0","EXOE8EW2","0"
"0","","0","UT","1","0","JBLT530BTBGEB","0"
"0","","0","IN","1","0","EXIB7S1","0"
"0","","0","BD","1","0","JBLT530BTBCOB","0"
"0","","0","BD","1","0","EXPCC20IX1","0"
"0","","0","LA","1","0","JBLT730BAZLB","0"
"0","","0","IN","1","0","1QMHP27S11","0"
"0","","0","UT","1","0","LOG305LIGHPTO","0"
"0","","0","BD","1","0","JBLBOOMBX4PTOB","0"
"0","","0","BD","1","0","JBLOOMBOX4PTOB","0"
"0","","0","UT","1","0","HR4160880PGF1","0"
"0","","0","BD","1","0","EXME3BP2","0"
"0","","0","IN","1","0","EXIM7S1","0"
"0","","0","BD","1","0","L283GM0003BRB","0"
"0","","0","LA","1","0","HH43Q6QVVPTOB","0"
"0","","0","IN","1","0","EXMI41S2","0"
"0","","0","LA","1","0","EXPC01XGFT1","0"
"0","","1","IN","0","0","BRBDK75DRB","0"
"0","","0","IN","1","0","WAMG7922PTAB","0"
"0","","0","UT","1","0","EXEBL1500CNZ1","0"
"0","","0","UT","1","0","JBLTBUDS2BPTO","0"
"0","","0","IN","1","0","JBLT780NCPTOB","0"
"0","","0","BD","1","0","L2ZAG70943CNZB","0"
"0","","0","BD","1","0","JBLT530BTAZLB","0"
"0","","0","BD","1","0","JBLBOOMBX4BCOB","0"
"0","","0","UT","1","0","HH75Q6QVVPTOB","0"
"0","","0","UT","1","0","EXEAF45PTO1","0"
"0","","0","LA","1","0","JBLWBUDS2PTO","0"
"0","","0","IN","1","0","EXFE5DC1","0"
"0","","0","IN","1","0","BPCHIPTRIPL4SP","0"
"0","","0","LA","1","0","JBLLIVE780BCOB","0"
"0","","0","BD","1","0","JBLENDUPEAPTOB","0"
"0","","0","LA","1","0","JBLT730BTBCOB","0"
"0","","0","UT","1","0","EXLS08E1","0"
"0","","0","LA","1","0","JBLSB595PTOB","0"
"0","","0","LA","1","0","LO941000119PTO","0"
"0","","0","IN","1","0","COCZD12MT1","0"
"0","","0","IN","1","0","BRBO260ARBNA","0"
"0","","0","LA","1","0","JBLENDUZONPTOB","0"
"0","","0","LA","1","0","EXFE4DG2","0"
"0","","0","UT","1","0","BRBWF18ABANA1","0"
"0","","0","BD","1","0","I4CH35PDWTBCOB","0"
"0","","0","LA","1","0","EXKE5XCB","0"
"0","","0","BD","1","0","BRBLF08BSANA2","0"
"0","","0","IN","1","0","9EE600PTO","0"
"0","","0","UT","1","0","JBLGO5BCO","0"
"0","","0","IN","1","0","EXIM7S2","0"
"0","","0","BD","1","0","BRBLF08BSANA1","0"
"0","","0","BD","1","0","JBLT530BTPTOB","0"
"0","","0","UT","1","0","EXLL10X2","0"
"0","","0","LA","1","0","HHWD1I1141BT11","0"
"0","","0","IN","1","0","BRBMO40AR2","0"
"0","","0","BD","1","0","EXOE8EA2","0"
"0","","0","IN","1","0","L2ZAFR0856CNZB","0"
"0","","0","IN","1","0","EXECM30ACO1","0"
"0","","0","UT","1","0","1QMHP27S22","0"
"0","","0","BD","1","0","TK65C6KPTOB","0"
"0","","0","LA","1","0","HHWD3S1243BB1","0"
"0","","0","UT","1","0","EXBSE40CNZB","0"
"0","","0","LA","1","0","HW14262RSAB","0"
"0","","0","UT","1","0","L283NU0006CNZB","0"
"0","","0","LA","1","0","BRBOA84AE2","0"
